stimulus,stimulus.1,stimulus.2,stimulus.3
jax,kaah,yeij,xiet
ceb,kaaj,yeik,xiev
cet,kaeb,yeil,xiew
sur,kaec,yeim,xiex
qug,kaed,yeob,xiey
vus,kaef,yeoc,xiin
fiq,kaeg,yeod,xiip
yey,kaeh,yeof,xiiq
lah,kaej,yeog,xiir
baz,kaek,yeoh,xiis
weh,kael,yeoj,xiit
lav,kaem,yeok,xiiv
loy,kaib,yeol,xiiw
keh,kaic,yeom,xiix
joj,kaid,yeub,xiiy
qif,kaig,yeuc,xion
bew,kaih,yeud,xiop
yop,kaij,yeuf,xioq
qum,kaik,yeug,xior
liy,kaim,yeuh,xios
bor,kaob,yeuj,xiot
doy,kaoc,yeul,xiov
yug,kaod,yeum,xiow
coc,kaof,yiab,xiox
jem,kaog,yiac,xioy
kaj,kaoh,yiad,xiun
wuc,kaoj,yiaf,xiup
jum,kaok,yiag,xiuq
gah,kaol,yiah,xiur
qiz,kaom,yiaj,xius
fev,kaub,yiak,xiut
xuw,kauc,yial,xiuv
xew,kaud,yiam,xiuw
cuz,kauf,yieb,xiux
niy,kaug,yiec,xiuy
tum,kauh,yied,xoan
qoz,kauj,yief,xoap
gac,kauk,yieg,xoaq
vig,kaul,yieh,xoar
xom,keab,yiej,xoas
qeh,keac,yiek,xoat
sar,kead,yiel,xoav
nez,keaf,yiem,xoaw
paz,keag,yiib,xoax
jox,keah,yiic,xoay
xak,keaj,yiid,xoen
muj,keak,yiif,xoep
yok,keal,yiig,xoeq
vom,keam,yiih,xoer
laj,keeb,yiij,xoes
gew,keec,yiik,xoet
cik,keed,yiil,xoev
fec,keeg,yiim,xoew
tid,keeh,yiob,xoex
xip,keej,yioc,xoey
miw,keem,yiod,xoin
xob,keib,yiof,xoip
riq,keic,yiog,xoiq
xul,keid,yioh,xoir
kag,keif,yioj,xois
cit,keig,yiok,xoit
gim,keih,yiol,xoiv
xod,keij,yiom,xoiw
doz,keik,yiub,xoix
yuy,keob,yiuc,xoiy
jaf,keoc,yiud,xoon
fuh,keod,yiuf,xoop
toz,keof,yiug,xooq
kez,keog,yiuh,xoor
fol,keoh,yiuj,xoos
gov,keoj,yiuk,xoot
cej,keok,yiul,xoov
waq,keol,yium,xoow
qik,keom,yoab,xoox
vay,keub,yoac,xooy
sor,keuc,yoad,xoun
ceh,keud,yoaf,xoup
maz,keuf,yoag,xouq
lur,keug,yoah,xour
rac,keuh,yoaj,xous
qez,keuj,yoak,xout
num,keuk,yoal,xouv
dil,keul,yoam,xouw
xeg,keum,yoeb,xoux
tob,kiab,yoec,xouy
waj,kiac,yoed,xuan
duy,kiad,yoef,xuap
gud,kiaf,yoeg,xuaq
xem,kiag,yoeh,xuar
miv,kiaj,yoej,xuas
gev,kiak,yoek,xuat
wiv,kiam,yoel,xuav
yed,kieb,yoem,xuaw
gaw,kiec,yoib,xuax
cas,kied,yoic,xuay
wod,kieg,yoid,xuen
cuq,kieh,yoif,xuep
cey,kiej,yoig,xueq
yih,kiib,yoih,xuer
jik,kiic,yoij,xues
biq,kiid,yoik,xuet
qaq,kiif,yoil,xuev
peq,kiig,yoim,xuew
vuy,kiih,yoob,xuex
xug,kiij,yooc,xuey
xid,kiik,yood,xuin
fup,kiil,yoof,xuip
suk,kiim,yoog,xuiq
pid,kiob,yooh,xuir
xit,kioc,yooj,xuis
xab,kiod,yook,xuit
yiy,kiof,yool,xuiv
lig,kiog,yoom,xuiw
suy,kioh,youb,xuix
sek,kioj,youc,xuiy
vah,kiok,youd,xuon
qiq,kiol,youf,xuop
qog,kiom,youg,xuoq
noj,kiub,youh,xuor
mox,kiuc,youj,xuos
cav,kiud,youk,xuot
puj,kiuf,youl,xuov
jiv,kiug,youm,xuow
duk,kiuh,yuab,xuox
hiz,kiuj,yuac,xuoy
yoq,kiuk,yuad,xuun
nuh,kiul,yuaf,xuup
qac,kium,yuag,xuuq
feg,koab,yuah,xuur
ruh,koac,yuaj,xuus
vuj,koad,yuak,xuut
guv,koaf,yual,xuuv
lud,koag,yuam,xuuw
baw,koah,yueb,xuux
jiz,koaj,yuec,xuuy
teb,koak,yued,yaan
ruq,koal,yuef,yaap
wuk,koam,yueg,yaaq
xop,koeb,yueh,yaar
deq,koec,yuej,yaas
heh,koed,yuek,yaat
guc,koef,yuel,yaav
yev,koeg,yuem,yaaw
lix,koeh,yuib,yaax
xej,koej,yuic,yaay
vul,koem,yuid,yaen
dav,koib,yuif,yaep
muz,koic,yuig,yaeq
qav,koid,yuih,yaer
coh,koif,yuij,yaes
bax,koig,yuik,yaet
qub,koih,yuil,yaev
jaq,koij,yuim,yaew
poz,koik,yuob,yaex
muq,koil,yuoc,yaey
yol,koim,yuod,yain
geg,koob,yuof,yaip
noz,kooc,yuog,yaiq
pif,kood,yuoh,yair
duj,kooh,yuoj,yais
jac,kooj,yuok,yait
ses,koom,yuol,yaiv
soh,koub,yuom,yaiw
taq,kouc,yuub,yaix
vax,kouf,yuuc,yaiy
yeg,koug,yuud,yaon
vec,kouh,yuuf,yaop
koj,kouj,yuug,yaoq
daz,kouk,yuuh,yaor
jeg,koul,yuuj,yaos
cif,koum,yuuk,yaot
jis,kuab,yuul,yaov
yoy,kuac,yuum,yaow
rof,kuad,zaab,yaox
sep,kuaf,zaac,yaoy
guj,kuag,zaaf,yaun
nac,kuah,zaah,yauq
kix,kuaj,zaaj,yaur
bez,kuak,zaam,yaus
yic,kual,zaeb,yaut
qop,kuam,zaec,yauv
seh,kueb,zaed,yauw
bif,kuec,zaef,yaux
yov,kued,zaeg,yauy
quv,kuef,zaeh,yeap
cer,kueg,zaej,yeaq
ciw,kueh,zaek,yeat
cul,kuej,zael,yeav
rox,kuek,zaem,yeaw
fim,kuel,zaib,yeax
nal,kuem,zaic,yeay
nuc,kuib,zaid,yeen
pob,kuic,zaif,yeep
vek,kuid,zaig,yeeq
qim,kuig,zaih,yeer
feq,kuih,zaij,yees
pej,kuij,zaik,yeet
xik,kuik,zail,yeev
yuz,kuim,zaim,yeew
vud,kuob,zaob,yeex
qaj,kuoc,zaoc,yeey
gex,kuod,zaod,yein
nas,kuof,zaof,yeip
qoy,kuog,zaog,yeiq
buj,kuoh,zaoh,yeir
xey,kuoj,zaoj,yeis
luv,kuok,zaok,yeit
boq,kuol,zaol,yeiv
saq,kuom,zaom,yeiw
tix,kuuc,zaub,yeix
nir,kuud,zauc,yeiy
civ,kuuf,zaud,yeon
qar,kuug,zauf,yeop
kuk,kuuh,zaug,yeoq
cem,kuuj,zauh,yeor
kiq,kuuk,zauj,yeos
kun,kuul,zauk,yeot
kax,kuum,zaul,yeov
qot,laab,zeab,yeow
yik,laac,zeac,yeox
yeq,laad,zead,yeoy
xor,laah,zeaf,yeun
keq,laaj,zeag,yeup
med,laak,zeah,yeuq
yat,laal,zeaj,yeur
yif,laam,zeak,yeus
yul,laeb,zeam,yeut
doj,laec,zeeb,yeuv
guh,laed,zeec,yeuw
gof,laef,zeed,yeux
xer,laeg,zeeh,yeuy
buw,laeh,zeej,yian
fah,laej,zeib,yiap
jec,laek,zeic,yiaq
gef,lael,zeid,yiar
mah,laem,zeif,yias
xuk,laib,zeig,yiat
yej,laif,zeih,yiav
yan,laig,zeij,yiaw
nej,laih,zeim,yiax
pov,laij,zeob,yiay
guw,laik,zeoc,yien
rav,lail,zeod,yiep
taz,laim,zeof,yieq
tif,laob,zeog,yier
xuv,laoc,zeoh,yies
siz,laod,zeoj,yiet
bih,laof,zeok,yiev
duv,laog,zeol,yiew
yus,laoh,zeom,yiex
xap,laoj,zeub,yiey
cin,laok,zeuc,yiin
yuc,laol,zeud,yiip
hud,laom,zeuf,yiiq
kuw,lauc,zeuh,yiir
nam,lauf,zeuj,yiis
nin,laug,zeuk,yiit
cih,lauh,zeul,yiiv
doh,lauj,zeum,yiiw
kup,lauk,ziab,yiix
wuw,laul,ziac,yiiy
sez,laum,ziad,yion
jer,leab,ziaf,yiop
xep,leac,ziag,yioq
hur,leag,ziah,yior
wep,leaj,ziaj,yios
kod,leeb,ziak,yiot
cip,leec,zial,yiov
tiz,leef,ziam,yiow
puq,leeh,zieb,yiox
qov,leej,ziec,yioy
puz,leel,zied,yiun
loq,leib,zief,yiup
juv,leic,zieg,yiuq
seg,leig,zieh,yiur
vib,leih,ziej,yius
qom,leij,ziem,yiut
nex,leik,ziib,yiuv
xim,leil,ziic,yiuw
qag,leim,ziid,yiux
cim,leob,ziif,yiuy
cix,leoc,ziig,yoan
cuw,leod,ziih,yoap
vej,leof,ziij,yoaq
juz,leog,ziik,yoar
luy,leoh,ziil,yoas
yoz,leoj,ziim,yoat
fal,leok,ziob,yoav
ded,leol,zioc,yoaw
ker,leom,ziod,yoax
gak,leub,ziof,yoay
saz,leuc,ziog,yoen
ruz,leuf,zioh,yoep
hed,leug,zioj,yoeq
rew,leuh,ziok,yoer
cax,leuj,ziol,yoes
xig,leul,ziom,yoet
cah,leum,ziub,yoev
noc,liab,ziuc,yoew
tuy,liac,ziud,yoex
gez,liad,ziuf,yoey
fap,liaf,ziug,yoin
baj,liag,ziuh,yoip
lod,liah,ziuj,yoiq
xuc,liaj,ziuk,yoir
yab,liak,ziul,yois
xeh,lial,zium,yoit
bux,lieb,zoac,yoiv
giv,liec,zoad,yoiw
hab,lieg,zoaf,yoix
hir,liej,zoag,yoiy
raz,liek,zoah,yoon
koh,liel,zoaj,yoop
hon,liem,zoak,yooq
jep,liib,zoam,yoor
xec,liic,zoeb,yoos
yil,liid,zoec,yoot
qok,liif,zoed,yoov
qod,liig,zoeg,yoow
rer,liih,zoeh,yoox
pum,liij,zoej,yooy
dul,liik,zoem,youn
qix,liil,zoib,youp
nov,liim,zoid,youq
lih,liob,zoif,yous
fiw,lioc,zoig,yout
fux,liod,zoih,youv
bep,liof,zoij,youw
diy,liog,zoik,youx
piy,lioh,zoil,youy
wov,lioj,zoim,yuap
wuv,liok,zoob,yuaq
dod,liol,zooc,yuar
kuf,liom,zood,yuas
wux,liub,zoof,yuat
gaq,liuc,zooh,yuav
vup,liud,zooj,yuaw
biy,liuf,zook,yuax
xup,liug,zoub,yuay
maj,liuh,zouc,yuen
yiz,liuj,zoud,yuep
siv,liuk,zouf,yueq
fip,liul,zoug,yuer
yux,lium,zouh,yues
yiq,loab,zouj,yuet
dec,loac,zouk,yuev
kuj,loag,zoul,yuew
nen,loah,zoum,yuex
nuw,loaj,zuab,yuey
wup,loak,zuac,yuin
vuq,loal,zuad,yuip
xal,loeb,zuaf,yuiq
kiv,loec,zuag,yuir
xud,loed,zuah,yuis
hib,loeg,zuaj,yuit
qem,loeh,zuak,yuiv
fek,loej,zual,yuiw
feb,loek,zuam,yuix
sah,loel,zueb,yuiy
qof,loem,zuec,yuon
def,loib,zued,yuop
fum,loic,zuef,yuoq
bov,loid,zueg,yuor
sil,loif,zueh,yuos
sog,loig,zuej,yuot
moh,loih,zuek,yuov
woh,loij,zuel,yuow
wer,loik,zuem,yuox
kij,loil,zuib,yuoy
xix,loim,zuic,yuun
tuc,loob,zuif,yuup
haz,looc,zuig,yuuq
haq,looh,zuih,yuur
piq,looj,zuij,yuus
lim,lool,zuik,yuut
vot,loub,zuim,yuuv
kud,louc,zuob,yuuw
buf,louf,zuoc,yuux
xut,loug,zuod,yuuy
gow,louh,zuof,baap
giq,louj,zuog,baaq
buz,louk,zuoh,baav
qur,loul,zuoj,baaw
juw,loum,zuok,baax
gug,luab,zuol,baay
qab,luac,zuom,baen
jex,luad,zuub,baep
kes,luaf,zuuc,baeq
hox,luag,zuud,baes
tir,luah,zuuf,baet
mih,luaj,zuug,baev
qiw,luak,zuuh,baew
cex,lual,zuuj,baex
yex,luam,zuuk,baey
kuq,lueb,zuul,baip
fav,luec,zuum,baiq
mif,lued,zaap,bair
cux,luef,zaaq,bais
yuw,lueg,zaar,baiv
hiq,lueh,zaas,baiw
viy,luej,zaat,baix
beb,luek,zaav,baiy
qob,luel,zaaw,baon
vap,luem,zaax,baop
kug,luib,zaay,baoq
yal,luic,zaen,baor
xux,luif,zaep,baos
jul,luig,zaeq,baot
faf,luih,zaer,baov
kuc,luij,zaes,baow
nak,luil,zaet,baox
bim,luob,zaev,baoy
qos,luoc,zaew,baun
qed,luod,zaex,baup
fif,luof,zaey,bauq
nux,luog,zain,baur
xow,luoh,zaip,baus
wav,luoj,zaiq,baut
cuv,luok,zair,bauv
jah,luol,zais,bauw
bix,luom,zait,baux
kel,luub,zaiv,bauy
boh,luuc,zaiw,beap
yaf,luud,zaix,beaq
wul,luuf,zaiy,beas
xic,luug,zaon,beav
soc,luuh,zaop,beaw
tuj,luuj,zaoq,beax
ful,luuk,zaor,beay
qev,luul,zaos,beeq
giz,luum,zaot,beev
fuc,maab,zaov,beew
xoy,maac,zaow,beex
voh,maad,zaox,beey
cov,maaf,zaoy,bein
xur,maah,zaun,beip
jod,maaj,zaup,beiq
suj,maam,zauq,beir
vaz,maeb,zaur,beis
qiv,maec,zaus,beit
wac,maed,zaut,beiv
qep,maef,zauv,beiw
xuh,maeg,zauw,beix
fuv,maeh,zaux,beiy
pux,maej,zauy,beon
caq,maek,zean,beop
bac,mael,zeap,beoq
cac,maem,zeaq,beor
hif,maib,zear,beos
mex,maic,zeas,beot
kah,maif,zeat,beov
gaz,maig,zeav,beow
nij,maih,zeaw,beox
buh,maij,zeax,beoy
luj,maik,zeay,beup
qay,maob,zeeq,beuq
wef,maoc,zeev,beur
jir,maod,zeew,beus
tuw,maof,zeex,beut
vuk,maog,zeey,beuv
lub,maoh,zeip,beuw
quc,maoj,zeiq,beux
mur,maok,zeir,beuy
qeb,maol,zeit,bian
wiw,maom,zeiv,biap
qil,maub,zeiw,biaq
vik,mauc,zeix,biar
yec,mauf,zeiy,biat
vuf,maug,zeon,biav
ciz,mauh,zeop,biaw
juj,mauj,zeoq,biax
mej,mauk,zeor,biay
dum,maum,zeos,bien
vov,meab,zeot,biep
kur,meac,zeov,bieq
xuf,meaf,zeow,biev
huk,meag,zeox,biew
xot,meah,zeoy,biex
niq,meaj,zeun,biey
raq,meak,zeup,biin
qes,meam,zeuq,biip
wug,meeb,zeut,biiq
toq,meec,zeuv,biir
jit,meef,zeuw,biis
hoj,meeg,zeux,biit
daf,meeh,zeuy,biiv
tuz,meej,zian,biiw
vey,meem,ziap,biix
jad,meib,ziaq,biiy
geh,meic,ziar,bion
niz,meif,zias,biop
diw,meig,ziat,bioq
sud,meih,ziav,bior
nid,meij,ziaw,biot
xat,meik,ziax,biov
tex,meil,ziay,biow
meb,meim,ziep,biox
pey,meob,zieq,bioy
wew,meoc,zies,biun
toj,meod,ziev,biup
luf,meof,ziew,biuq
vaj,meog,ziex,biur
rux,meoh,ziey,bius
nik,meoj,ziin,biut
xay,meok,ziip,biuv
vur,meol,ziiq,biuw
vob,meom,ziir,biux
naq,meub,ziis,biuy
qaf,meuc,ziit,boan
vij,meud,ziiv,boap
gon,meuf,ziiw,boaq
xen,meuh,ziix,boav
liv,meuj,ziiy,boaw
giw,meul,ziop,boax
buk,meum,zioq,boay
rar,miab,zior,boen
naj,miac,zios,boep
mup,miad,ziot,boeq
jos,miaf,ziov,boet
qah,miag,ziow,boev
tef,miah,ziox,boew
yuf,miaj,zioy,boex
seb,miak,ziun,boey
rix,mial,ziup,boin
teq,miam,ziuq,boip
roq,mieb,ziur,boiq
koc,miec,zius,boir
viz,mied,ziut,bois
tox,mieg,ziuv,boit
sif,mieh,ziuw,boiv
jup,miej,ziux,boiw
huv,miek,ziuy,boix
geb,miel,zoan,boiy
huw,miem,zoap,boop
yis,miib,zoaq,booq
ced,miic,zoar,boov
wek,miid,zoas,boow
beq,miif,zoat,boox
xog,miig,zoav,booy
hez,miih,zoaw,boun
vef,miij,zoax,boup
bex,miik,zoay,bouq
riy,miil,zoep,bour
ked,miim,zoeq,bous
kaz,miob,zoer,bouv
jej,mioc,zoes,boux
fuq,miod,zoev,bouy
liq,miof,zoew,buan
tac,miog,zoex,buap
mez,mioh,zoey,buaq
fos,mioj,zoin,buar
nax,miok,zoip,buas
xas,miol,zoiq,buat
dej,miom,zoir,buav
xex,miub,zois,buaw
det,miuc,zoit,buax
pib,miud,zoiv,buay
kav,miuf,zoiw,buen
yir,miug,zoix,buep
tov,miuh,zoiy,bueq
lun,miuj,zooq,buer
sed,miuk,zoot,bues
nec,miul,zoov,buet
suw,mium,zoow,buev
xag,moab,zoox,buew
kov,moac,zooy,buex
jal,moad,zoun,buey
sug,moaf,zoup,buin
kal,moag,zouq,buip
pez,moah,zour,buiq
vuv,moaj,zous,buir
veb,moak,zouv,buiv
vem,moal,zouw,buiw
kig,moam,zoux,buix
puc,moeb,zouy,buiy
suc,moec,zuan,buon
ruv,moef,zuap,buop
rez,moeg,zuaq,buoq
gej,moeh,zuar,buor
fof,moej,zuas,buos
jom,moek,zuat,buot
wub,moem,zuav,buov
ciy,moib,zuaw,buow
qey,moic,zuax,buox
xiv,moid,zuay,buun
luk,moif,zuen,buup
miq,moig,zuep,buuq
vad,moih,zueq,buus
wib,moij,zuer,buuv
cep,moik,zues,buuw
muv,moim,zuet,buux
jif,moob,zuev,buuy
boz,mooc,zuew,caan
xaq,moof,zuex,caap
biw,moog,zuey,caaq
moj,mooh,zuin,caar
buc,mooj,zuiq,caas
qul,mook,zuir,caat
yel,moom,zuis,caav
wur,moub,zuit,caaw
qow,mouc,zuiv,caax
ved,moud,zuiw,caay
xih,mouf,zuix,caen
quf,moug,zuiy,caep
rur,mouh,zuon,caeq
qin,mouj,zuop,caer
hil,mouk,zuoq,caes
goq,moul,zuor,caet
muw,moum,zuos,caev
kaq,muab,zuot,caew
qis,muac,zuov,caex
qeq,muad,zuow,caey
yub,muaf,zuox,caip
fem,muag,zuoy,caiq
puw,muah,zuun,cair
xiq,muaj,zuup,cais
qak,muak,zuuq,cait
ceq,mual,zuus,caiv
vih,muam,zuut,caiw
cuh,mueb,zuuv,caix
pav,muec,zuuw,caiy
tih,mued,zuux,caon
poc,muef,zuuy,caop
jih,mueg,zaaz,caoq
nuv,mueh,zaez,caor
xoh,muej,zaiz,caos
xus,muek,zaoz,caot
caz,muel,zauz,caov
puh,muem,zeaz,caow
nuq,muib,zeez,caox
cug,muic,zeiz,caoy
quj,muid,zeoz,caun
niw,muif,zeuz,caup
goz,muig,ziaz,cauq
xaw,muih,ziez,caur
qoq,muij,ziiz,caus
hec,muim,zioz,caut
teh,muob,ziuz,cauv
qij,muoc,zoaz,cauw
toc,muod,zoez,caux
tep,muof,zoiz,cauy
lif,muog,zooz,cean
tek,muoh,zouz,ceap
wor,muoj,zuaz,ceaq
fih,muok,zuez,cear
qus,muol,zuiz,ceas
dih,muom,zuoz,ceat
maq,muub,zuuz,ceav
boc,muuc,naaz,ceaw
cij,muud,naez,ceax
pec,muuf,naiz,ceay
qel,muug,naoz,ceen
qoh,muuh,nauz,ceep
mev,muuj,neaz,ceeq
veq,muuk,neez,ceer
xib,muul,neiz,ceet
cag,muum,neoz,ceev
qux,naab,neuz,ceew
yoj,naac,niaz,ceex
yud,naag,niez,ceey
qal,naah,niiz,cein
xol,naaj,nioz,ceip
sij,naak,niuz,ceiq
voy,naal,noaz,ceir
soq,naeb,noez,ceis
tos,naec,noiz,ceit
huf,naed,nooz,ceiv
nef,naef,nouz,ceiw
tuh,naeg,nuaz,ceix
ger,naeh,nuez,ceiy
mey,naej,nuiz,ceon
nuz,naek,nuoz,ceop
gic,nael,nuuz,ceoq
noq,naem,paaz,ceor
xev,naib,paez,ceos
yag,naic,paiz,ceot
mux,naid,paoz,ceov
joc,naig,pauz,ceow
rej,naih,peaz,ceox
suq,naij,peez,ceoy
jek,naik,peiz,ceun
fot,naim,peoz,ceup
lep,naob,peuz,ceuq
nah,naoc,piaz,ceur
quq,naod,piez,ceus
yig,naof,piiz,ceut
yoc,naog,pioz,ceuv
tiw,naoh,piuz,ceuw
qip,naoj,poaz,ceux
cic,naok,poez,ceuy
kaw,naol,poiz,cian
luq,naom,pooz,ciap
mer,naub,pouz,ciaq
dic,nauc,puaz,ciar
yun,naud,puez,cias
vog,nauf,puiz,ciat
juc,naug,puoz,ciav
ves,nauh,puuz,ciaw
cuk,nauj,qaaz,ciax
xaj,nauk,qaez,ciay
xum,naul,qaiz,cien
duh,naum,qaoz,ciep
giy,neab,qauz,cieq
xav,neac,qeaz,cier
juy,nead,qeez,cies
puy,neaf,qeiz,ciet
tej,neag,qeoz,ciev
kis,neah,qeuz,ciew
yij,neaj,qiaz,ciex
joz,neak,qiez,ciey
nof,neam,qiiz,ciin
cor,neeb,qioz,ciip
tes,neec,qiuz,ciiq
xir,neeh,qoaz,ciir
cev,neej,qoez,ciis
yac,neek,qoiz,ciit
luh,neib,qooz,ciiv
hoh,neic,qouz,ciiw
jiw,neid,quaz,ciix
ney,neig,quez,ciiy
gos,neih,quoz,ciop
tec,neij,quuz,cioq
jux,neik,raaz,cior
yas,neim,raez,cios
nif,neob,raiz,ciot
loz,neoc,raoz,ciov
xuq,neod,rauz,ciow
sav,neof,reaz,ciox
hej,neog,reez,cioy
tuq,neoh,reoz,ciun
caf,neoj,reuz,ciup
wey,neok,riaz,ciuq
xil,neol,riez,ciur
bec,neom,riiz,cius
kac,neub,rioz,ciut
yaz,neuc,riuz,ciuv
gaj,neud,roaz,ciuw
xov,neuf,roez,ciux
kuz,neug,roiz,ciuy
cof,neuh,rooz,coan
fef,neuj,rouz,coap
loj,neuk,ruaz,coaq
qib,neul,ruez,coar
tem,niab,ruiz,coas
diz,niac,ruoz,coav
qew,niad,ruuz,coaw
mav,niaf,saaz,coay
viw,niag,saez,coen
nih,niah,saiz,coep
yim,niaj,saoz,coeq
ber,niak,sauz,coer
ket,nial,seaz,coes
buv,niam,seez,coet
wun,nieb,seiz,coev
daj,niec,seoz,coew
kux,nied,seuz,coex
com,nief,siaz,coey
xeq,nieg,siez,coip
wec,nieh,siiz,coiq
fac,niej,sioz,cois
gir,niek,siuz,coit
biv,niel,soaz,coiv
wev,niem,soez,coiw
quz,niib,soiz,coix
nox,niic,sooz,coiy
leq,niid,souz,cooq
rom,niif,suaz,coor
fuj,niig,suez,coov
paq,niih,suiz,coow
mec,niij,suoz,coox
soj,niik,suuz,cooy
woj,niil,taaz,coun
cib,niim,taez,couq
heq,niob,taiz,cous
suh,nioc,taoz,cout
naf,niod,tauz,couv
cil,niof,teaz,couw
qef,niog,teez,coux
jor,nioh,teiz,couy
yiw,nioj,teoz,cuan
biz,niok,teuz,cuap
faw,niol,tiaz,cuaq
fex,niom,tiez,cuar
vum,niub,tiiz,cuas
voc,niuc,tioz,cuat
koy,niud,tiuz,cuav
qaw,niuf,toaz,cuaw
gub,niug,toez,cuax
liw,niuh,toiz,cuay
wif,niuj,tooz,cuen
hux,niuk,touz,cuep
yof,niul,tuaz,cueq
tud,nium,tuez,cuer
req,noab,tuiz,cuet
gax,noac,tuoz,cuev
guz,noad,tuuz,cuew
sej,noaf,vaaz,cuex
jel,noag,vaez,cuey
duz,noaj,vaiz,cuin
keb,noak,vaoz,cuip
huj,noal,vauz,cuiq
vir,noeb,veaz,cuir
jov,noec,veez,cuis
xuy,noed,veiz,cuit
kum,noef,veoz,cuiv
wex,noeg,veuz,cuiw
xaz,noeh,viaz,cuix
hus,noej,viez,cuiy
wox,noek,viiz,cuon
tus,noem,vioz,cuop
xuj,noib,viuz,cuoq
foj,noic,voaz,cuor
cid,noid,voez,cuos
woy,noif,voiz,cuot
mef,noig,vooz,cuov
voq,noih,vouz,cuow
jur,noij,vuaz,cuox
moz,noik,vuez,cuoy
huc,noim,vuiz,cuun
viq,noob,vuoz,cuup
yeb,nooc,vuuz,cuuq
cuy,noof,waaz,cuur
jof,noog,waez,cuus
xoc,nooh,waiz,cuut
nuj,nooj,waoz,cuuv
xoz,nool,wauz,cuuw
riz,noom,weaz,cuux
jev,noub,weez,cuuy
wid,nouc,weiz,daan
guq,noud,weoz,daap
hix,nouf,weuz,daaq
soz,noug,wiaz,daat
fiv,nouh,wiez,daav
tiy,nouj,wiiz,daaw
sev,nouk,wioz,daax
nig,noul,wiuz,daay
xar,noum,woaz,daen
yot,nuab,woez,daep
sut,nuac,woiz,daeq
xin,nuad,wooz,daer
piw,nuaf,wouz,daes
cek,nuag,wuaz,daet
gur,nuah,wuez,daev
lec,nuaj,wuiz,daew
xek,nuak,wuoz,daex
gec,nual,wuuz,daey
bup,nuam,xaaz,dain
vix,nueb,xaez,daip
hac,nuec,xaiz,daiq
yaq,nued,xaoz,dair
pog,nuef,xauz,dait
xub,nueg,xeaz,daiv
qek,nueh,xeez,daiw
qex,nuej,xeiz,daix
cus,nuek,xeoz,daiy
qec,nuel,xeuz,daon
siy,nuem,xiaz,daop
qas,nuib,xiez,daoq
gol,nuic,xiiz,daor
nug,nuid,xioz,daos
qoc,nuif,xiuz,daot
yos,nuih,xoaz,daov
vuc,nuij,xoez,daow
ruf,nuik,xoiz,daox
xed,nuil,xooz,daoy
foz,nuim,xouz,daun
qir,nuob,xuaz,daup
nud,nuoc,xuez,dauq
cef,nuod,xuiz,daur
hih,nuof,xuoz,daus
yox,nuog,xuuz,dauv
yuj,nuoh,yaaz,daux
pex,nuoj,yaez,dauy
noy,nuok,yaiz,deap
ruj,nuol,yaoz,deaq
rud,nuom,yauz,deas
wim,nuub,yeaz,deat
jeq,nuuc,yeez,deav
yef,nuud,yeiz,deaw
xam,nuuf,yeoz,deax
cez,nuug,yeuz,deay
boj,nuuh,yiaz,deen
buq,nuuj,yiez,deeq
qoj,nuuk,yiiz,deet
fic,nuul,yioz,deev
ner,nuum,yiuz,deew
tev,paab,yoaz,deex
qiy,paac,yoez,deey
kec,paad,yoiz,dein
yuv,paaf,yooz,deip
xad,paag,youz,deiq
wej,paah,yuaz,deir
loh,paaj,yuez,deis
yem,paak,yuiz,deit
cuf,paam,yuoz,deiv
xoj,paeb,yuuz,deiw
veh,paec,naap,deix
tez,paef,naaq,deiy
seq,paeg,naas,deon
fuf,paeh,naat,deop
yer,paej,naav,deoq
nuy,paek,naaw,deor
xon,pael,naax,deos
rop,paem,naay,deot
xes,paib,naen,deov
kih,paic,naep,deow
jiy,paif,naeq,deox
bir,paig,naer,deoy
qic,paih,naes,deup
yur,paij,naet,deuq
jiq,paim,naev,deus
xun,paob,naew,deut
xeb,paoc,naex,deuv
xiy,paod,naey,deuw
yoh,paof,nain,deux
qup,paog,naip,deuy
voz,paoh,naiq,diap
tay,paoj,nair,diaq
qid,paok,nais,diar
yiv,paol,nait,diat
fuk,paom,naiv,diav
tur,paub,naiw,diaw
jaj,pauc,naix,diax
fow,paud,naiy,diay
xaf,pauf,naon,dien
ciq,paug,naop,dieq
vid,pauh,naoq,diev
lir,pauj,naor,diew
riw,paum,naot,diex
guf,peab,naov,diey
moy,peac,naow,diin
vil,pead,naox,diip
hax,peaf,naoy,diiq
qer,peah,naun,diir
tah,peaj,naup,diis
sus,peam,nauq,diit
miy,peeb,naur,diiv
xof,peec,naus,diiw
guk,peef,naut,diix
xax,peeg,nauv,diiy
niv,peeh,naux,diop
gop,peej,nauy,dioq
yav,peem,nean,dior
hev,peib,neaq,dios
faq,peic,neav,diot
vep,peid,neaw,diov
pef,peif,neax,diow
tey,peig,neay,diox
pev,peih,neeq,dioy
wez,peij,nees,diun
pih,peik,neev,diup
cew,peim,neew,diuq
qap,peob,neex,diur
quh,peoc,neey,dius
cuj,peod,neip,diut
fod,peof,neiq,diuv
siq,peog,neir,diuw
muc,peoh,neis,diux
kem,peoj,neit,diuy
goc,peok,neiv,doan
naz,peol,neiw,doap
hoz,peom,neix,doaq
vor,peub,neiy,doar
yit,peuc,neop,doas
wof,peud,neoq,doav
dob,peuf,neor,doaw
coq,peug,neos,doax
dac,peuh,neot,doay
jez,peuj,neov,doep
xos,peum,neow,doeq
yut,piab,neox,doev
sih,piac,neoy,doew
kiw,piad,neun,doex
caj,piaf,neup,doey
wih,piag,neuq,doin
cuc,piah,neur,doip
mek,piaj,neuv,doiq
woq,piak,neuw,doir
xiw,piam,neux,dois
gih,pieb,neuy,doiv
juh,piec,nian,doiw
suz,pieg,niap,doix
bav,pieh,niaq,doiy
fak,piej,niar,doon
lic,piem,nias,dooq
gux,piib,niat,doot
paj,piic,niav,doov
mip,piid,niaw,doow
xan,piif,niax,doox
koz,piig,niay,dooy
xac,piih,nien,doun
yix,piij,niep,doup
pab,piik,nieq,douq
jix,piil,nies,dous
fej,piim,niev,dout
dep,piob,niew,douv
meq,pioc,niex,doux
qej,piod,niey,douy
baq,piof,niin,duan
xef,piog,niip,duap
tib,pioh,niiq,duaq
fus,pioj,niir,duar
quk,piok,niis,duas
xez,piol,niit,duat
lov,piom,niiv,duav
yaj,piub,niiw,duaw
doq,piuc,niix,duax
muk,piud,niiy,duay
diq,piuf,nion,duen
toh,piug,niop,duep
muy,piuh,nioq,dueq
qox,piuj,nior,duer
duq,piuk,nios,duev
dez,piul,niot,duew
vop,pium,niov,duex
vux,poab,niow,duey
lal,poac,niox,duip
poj,poad,nioy,duiq
vez,poaf,niun,duir
hoq,poag,niup,duis
wom,poah,niuq,duiv
wah,poaj,niur,duiw
qun,poak,nius,duix
fuw,poal,niut,duiy
sov,poam,niuv,duon
qet,poeb,niuw,duop
laq,poec,niux,duoq
sey,poed,niuy,duor
xuz,poeg,noan,duot
hiy,poej,noap,duov
jeh,poek,noaq,duow
miz,poib,noar,duox
moc,poic,noas,duoy
bej,poid,noat,duun
poq,poif,noav,duup
quy,poig,noaw,duuq
puv,poih,noax,duus
coj,poij,noay,duut
vut,poik,noep,duuv
faj,poil,noeq,duuw
kob,poim,noer,duux
wix,poob,noet,duuy
faz,pooc,noev,faan
neq,poog,noew,faap
kib,pooj,noex,faaq
dif,poom,noey,faar
qeg,poub,noin,faat
xet,pouc,noip,faav
deh,poud,noiq,faaw
kej,poug,nois,faax
qam,pouh,noit,faay
sem,pouj,noiv,faen
rov,pouk,noiw,faep
roj,poum,noix,faeq
cig,puab,noiy,faer
gog,puac,noop,faes
wic,puad,nooq,faet
cun,puaf,noor,faev
jes,puag,noos,faew
weq,puah,noov,faex
foq,puaj,noow,faey
kub,puak,noox,faip
hos,pual,nooy,faiq
quw,puam,noup,fais
saj,pueb,nouq,fait
wum,puec,nour,faiv
beh,pued,nout,faiw
tuv,puef,nouv,faix
huq,pueg,nouw,faiy
yek,pueh,noux,faon
vab,puej,nouy,faop
wiq,puek,nuan,faoq
suv,puel,nuap,faor
yuq,puem,nuaq,faos
vif,puib,nuar,faot
kiy,puic,nuas,faov
qan,puid,nuat,faow
gik,puif,nuav,faox
muh,puig,nuaw,faoy
poy,puih,nuax,faup
qon,puij,nuay,fauq
peh,puil,nuen,faur
deg,puob,nuep,faus
vun,puoc,nueq,faut
wuq,puod,nuer,fauv
hav,puof,nues,fauw
xox,puog,nuet,faux
yog,puoh,nuev,fauy
fij,puoj,nuew,fean
feh,puok,nuex,feap
bap,puol,nuey,feaq
xij,puom,nuin,feav
wut,puub,nuip,feaw
daq,puuc,nuiq,feax
pim,puud,nuir,feay
xel,puuf,nuis,feen
yib,puug,nuit,feep
yad,puuh,nuiv,feeq
ruy,puuj,nuiw,feer
lut,puuk,nuix,feev
moq,puul,nuiy,feew
wiy,puum,nuon,feex
woz,qaab,nuop,feey
cec,qaac,nuoq,fein
luc,qaad,nuor,feip
mub,qaaf,nuos,feiq
riv,qaag,nuot,feir
fom,qaah,nuov,feis
wuz,qaaj,nuow,feiv
vub,qaak,nuox,feiw
fam,qaal,nuoy,feix
jic,qaam,nuun,feiy
rih,qaeb,nuup,feon
nem,qaec,nuuq,feop
wuf,qaed,nuur,feoq
kic,qaef,nuus,feor
lej,qaeg,nuut,feos
pir,qaeh,nuuv,feot
vaf,qaej,nuuw,feov
qaz,qaek,nuux,feow
nup,qael,nuuy,feox
pem,qaem,paaq,feoy
wuj,qaib,paat,feun
juq,qaic,paav,feup
qen,qaif,paaw,feuq
jip,qaig,paax,feur
wuh,qaih,paay,feuv
neh,qaij,paen,feuw
dux,qaik,paep,feux
qud,qail,paeq,feuy
cir,qaim,paer,fian
lup,qaob,paes,fiap
qut,qaoc,paet,fiaq
jaz,qaod,paev,fias
kad,qaof,paew,fiav
vaq,qaog,paex,fiaw
foc,qaoh,paey,fiax
huy,qaoj,paip,fiay
jav,qaok,paiq,fien
meh,qaom,pait,fiep
wuy,qaub,paiv,fieq
pag,qauc,paiw,fies
nic,qaud,paix,fiet
dox,qauf,paiy,fiev
fov,qaug,paon,fiew
hov,qauh,paop,fiex
yez,qauj,paoq,fiey
fuz,qauk,paor,fiin
rup,qaul,paos,fiip
kox,qaum,paot,fiiq
kuy,qeab,paov,fiir
piv,qeac,paow,fiis
vok,qead,paox,fiit
kow,qeaf,paoy,fiiv
jop,qeag,paun,fiiw
waz,qeah,paup,fiix
qax,qeaj,pauq,fiiy
koq,qeak,paur,fion
lez,qeal,paut,fiop
hig,qeam,pauv,fioq
vuh,qeeb,paux,fior
saf,qeec,pauy,fios
piz,qeed,peap,fiot
xoq,qeef,peaq,fiov
qig,qeeg,peav,fiow
yor,qeeh,peaw,fiox
huz,qeej,peax,fioy
ruc,qeek,peay,fiun
xah,qeel,peeq,fiup
qor,qeem,peev,fiuq
peb,qeib,peew,fiur
kew,qeic,peex,fius
vam,qeid,peey,fiut
kiz,qeif,peip,fiuv
nav,qeig,peiq,fiuw
xiz,qeih,peir,fiux
mov,qeij,peit,fiuy
ceg,qeik,peiv,foan
xif,qeil,peiw,foap
vev,qeim,peix,foaq
gix,qeob,peiy,foar
vuz,qeoc,peop,foas
leh,qeod,peoq,foat
qad,qeof,peor,foav
siw,qeog,peos,foaw
xok,qeoh,peot,foax
joq,qeoj,peov,foay
vuw,qeok,peow,foen
wob,qeol,peox,foep
qih,qeom,peoy,foeq
rir,qeub,peun,foer
tiq,qeuc,peup,foet
cen,qeud,peuq,foev
bem,qeuf,peus,foew
gep,qeug,peuv,foex
lan,qeuh,peuw,foey
vew,qeuj,peux,foip
laz,qeuk,peuy,foiq
woc,qeul,piap,foir
yuh,qeum,piaq,fois
hiw,qiab,piar,foit
kuv,qiac,piat,foiv
ror,qiad,piav,foiw
jey,qiaf,piaw,foix
geq,qiag,piax,foiy
yax,qiah,piay,foon
sef,qiaj,pien,foop
fuy,qiak,pieq,fooq
qol,qial,piev,foos
tiv,qiam,piew,foov
luz,qieb,piex,foow
baab,qiec,piey,foox
baac,qied,piin,fooy
baad,qief,piip,foun
baaf,qieg,piiq,foup
baag,qieh,piir,fouq
baah,qiej,piis,fous
baaj,qiek,piit,fouv
baam,qiel,piiv,fouw
baeb,qiem,piiw,foux
baec,qiib,piix,fouy
baed,qiic,piiy,fuan
baef,qiid,piop,fuap
baeg,qiif,pioq,fuaq
baeh,qiig,pior,fuar
baej,qiih,pios,fuas
baek,qiij,piov,fuat
bael,qiik,piow,fuav
baem,qiil,piox,fuaw
baib,qiim,pioy,fuax
baic,qiob,piun,fuay
baid,qioc,piup,fuen
baif,qiod,piuq,fuep
baig,qiof,piur,fueq
baih,qiog,pius,fuer
baij,qioh,piut,fues
baik,qioj,piuv,fuet
baim,qiok,piuw,fuev
baob,qiol,piux,fuew
baoc,qiom,piuy,fuex
baod,qiub,poan,fuey
baof,qiuc,poap,fuin
baog,qiud,poaq,fuip
baoh,qiuf,poar,fuiq
baoj,qiug,poas,fuir
baok,qiuh,poat,fuis
baol,qiuj,poav,fuit
baom,qiuk,poaw,fuiv
baub,qiul,poax,fuiw
bauc,qium,poay,fuix
bauf,qoab,poeq,fuiy
baug,qoac,poev,fuon
bauh,qoad,poew,fuop
bauj,qoaf,poex,fuoq
bauk,qoag,poey,fuor
baul,qoah,poin,fuos
beab,qoaj,poip,fuot
beac,qoak,poiq,fuov
beaf,qoal,poir,fuow
beag,qoam,poit,fuox
beah,qoeb,poiv,fuoy
beaj,qoec,poiw,fuun
beal,qoed,poix,fuup
beeb,qoef,poiy,fuuq
beec,qoeg,pooq,fuur
beed,qoeh,poov,fuus
beeg,qoej,poow,fuuv
beeh,qoek,poox,fuuw
beej,qoel,pooy,fuux
beel,qoem,poun,fuuy
beem,qoib,poup,gaaq
beib,qoic,pouq,gaav
beic,qoid,pous,gaaw
beid,qoif,pouv,gaax
beif,qoig,pouw,gaay
beig,qoih,poux,gaep
beih,qoij,pouy,gaeq
beij,qoik,puan,gaer
beik,qoil,puap,gaet
beil,qoim,puaq,gaev
beob,qoob,puar,gaew
beoc,qooc,puas,gaex
beod,qood,puat,gaey
beof,qoof,puav,gaip
beog,qoog,puaw,gaiq
beoh,qooh,puax,gair
beoj,qooj,puay,gais
beok,qook,puen,gaiv
beol,qool,puep,gaiw
beom,qoom,pueq,gaix
beub,qoub,puer,gaiy
beuc,qouc,pues,gaon
beud,qoud,puet,gaop
beuf,qouf,puev,gaoq
beuh,qoug,puew,gaor
beuj,qouh,puex,gaos
beum,qouj,puey,gaot
biab,qouk,puip,gaov
biac,qoul,puiq,gaow
biad,qoum,puir,gaox
biaf,quab,puis,gaoy
biag,quac,puiv,gaup
biah,quaf,puiw,gauq
biaj,quah,puix,gaus
biak,quaj,puiy,gaut
bial,quam,puon,gauv
biam,queb,puop,gaux
biec,quec,puoq,gauy
bied,qued,puor,gean
bieg,quef,puos,geap
bieh,queg,puot,geaq
biej,queh,puov,geas
biek,quej,puow,geat
biem,quek,puox,geav
biib,quel,puoy,geaw
biic,quem,puun,geax
biid,quib,puup,geay
biif,quic,puuq,geeq
biig,quif,puus,geet
biih,quig,puut,geev
biij,quih,puuv,geew
biik,quij,puuw,geex
biil,quik,puux,geey
biim,quil,puuy,geip
biob,quim,qaan,geiq
bioc,quob,qaap,geir
biod,quoc,qaaq,geis
biof,quof,qaar,geiv
biog,quog,qaas,geiw
bioh,quoh,qaat,geix
bioj,quoj,qaav,geiy
biok,quok,qaaw,geon
biol,quol,qaax,geop
biom,quom,qaay,geoq
biub,quub,qaen,geor
biuc,quuc,qaep,geos
biud,quud,qaeq,geot
biuf,quuf,qaer,geov
biug,quug,qaes,geow
biuh,quuh,qaet,geox
biuj,quuj,qaev,geoy
biuk,quuk,qaew,geun
biul,quul,qaex,geup
bium,quum,qaey,geuq
boab,raab,qaip,geuv
boac,raac,qaiq,geuw
boad,raag,qair,geux
boaf,raah,qais,geuy
boag,raaj,qaiv,giap
boah,raal,qaiw,giaq
boaj,raeb,qaix,giar
boak,raec,qaiy,gias
boal,raed,qaon,giat
boam,raef,qaop,giav
boeb,raeg,qaoq,giaw
boec,raeh,qaor,giax
boed,raej,qaos,giay
boeh,raek,qaot,giep
boej,rael,qaov,gieq
boib,raem,qaow,giet
boic,raib,qaox,giev
boid,raic,qaoy,giew
boif,raif,qaun,giex
boig,raig,qaup,giey
boih,raih,qauq,giin
boij,raij,qaur,giip
boik,raik,qaus,giiq
boim,raim,qaut,giir
booc,raob,qauv,giis
boof,raoc,qauw,giit
booh,raod,qaux,giiv
booj,raof,qauy,giiw
bool,raog,qean,giix
boub,raoh,qeap,giiy
bouc,raoj,qeaq,gion
bouf,raok,qear,giop
boug,raol,qeas,gioq
bouh,raom,qeat,gior
bouj,raub,qeav,gios
bouk,rauc,qeaw,giot
boul,raud,qeax,giov
boum,rauf,qeay,giow
buab,raug,qeen,giox
buac,rauj,qeep,gioy
buad,rauk,qeeq,giun
buaf,raum,qeer,giup
buag,reab,qees,giuq
buah,reac,qeet,giur
buaj,reaf,qeev,gius
buak,reag,qeew,giut
bual,reah,qeex,giuv
buam,reaj,qeey,giuw
bueb,reak,qein,giux
buec,reeb,qeip,giuy
bued,reec,qeiq,goan
buef,reeh,qeir,goap
bueg,reej,qeis,goaq
bueh,reem,qeit,goar
buej,reib,qeiv,goav
buek,reic,qeiw,goaw
buel,reig,qeix,goax
buem,reih,qeiy,goay
buib,reij,qeon,goen
buic,reik,qeop,goep
buid,reil,qeoq,goeq
buif,reob,qeor,goet
buig,reoc,qeos,goev
buih,reod,qeot,goew
buij,reof,qeov,goex
buim,reog,qeow,goey
buob,reoh,qeox,goin
buoc,reoj,qeoy,goip
buod,reok,qeun,goiq
buof,reol,qeup,goir
buog,reom,qeuq,gois
buoh,reub,qeur,goit
buoj,reuc,qeus,goiv
buok,reud,qeut,goiw
buol,reuf,qeuv,goix
buom,reug,qeuw,goiy
buub,reuh,qeux,gooq
buuc,reuj,qeuy,goov
buud,reul,qian,goow
buug,reum,qiap,goox
buuh,riab,qiaq,gooy
buuj,riac,qiar,goun
buuk,riad,qias,goup
buul,riaf,qiat,gouq
buum,riag,qiav,gour
caab,riah,qiaw,gous
caac,riaj,qiax,gouv
caad,riak,qiay,goux
caaf,riam,qien,gouy
caag,rieb,qiep,guap
caah,riec,qieq,guaq
caaj,rieg,qier,guas
caak,rieh,qies,guat
caal,riej,qiet,guav
caam,riib,qiev,guaw
caeb,riic,qiew,guax
caec,riid,qiex,guay
caed,riif,qiey,guen
caef,riig,qiin,guep
caeg,riih,qiip,gueq
caeh,riij,qiiq,guer
caej,riik,qiir,gues
caek,riil,qiis,guet
cael,riim,qiit,guev
caem,riob,qiiv,guew
caib,rioc,qiiw,guex
caic,riod,qiix,guey
caif,riof,qiiy,guin
caig,riog,qion,guip
caih,rioh,qiop,guiq
caij,rioj,qioq,guir
caik,riok,qior,guis
cail,riol,qios,guiv
caim,riom,qiot,guiw
caob,riub,qiov,guix
caoc,riuc,qiow,guiy
caod,riud,qiox,guon
caof,riuf,qioy,guop
caog,riug,qiun,guoq
caoh,riuh,qiup,guor
caoj,riuj,qiuq,guos
caok,riuk,qiur,guot
caol,riul,qius,guov
caom,rium,qiut,guow
caub,roab,qiuv,guox
cauc,roac,qiuw,guoy
caud,roaf,qiux,guun
cauf,roag,qiuy,guup
caug,roah,qoan,guuq
cauh,roaj,qoap,guus
cauj,roak,qoaq,guut
cauk,roal,qoar,guuv
caum,roeb,qoas,guuw
ceab,roec,qoav,guux
ceac,roed,qoaw,guuy
cead,roeg,qoax,haap
ceaf,roeh,qoay,haaq
ceag,roej,qoen,haav
ceah,roel,qoep,haaw
ceaj,roib,qoeq,haax
ceak,roic,qoet,haay
ceal,roid,qoev,haep
ceam,roif,qoew,haeq
ceeb,roig,qoex,haer
ceec,roih,qoey,haev
ceed,roij,qoin,haew
ceef,roik,qoip,haex
ceeg,roim,qoiq,haey
ceeh,roob,qoir,hain
ceej,rooc,qois,haip
ceek,roog,qoit,haiq
ceem,rooh,qoiv,hais
ceib,rooj,qoiw,hait
ceic,rool,qoix,haiv
ceid,roub,qoiy,haiw
ceif,rouc,qoon,haix
ceig,roud,qoop,haiy
ceih,rouf,qooq,haon
ceij,roug,qoor,haop
ceik,rouh,qoos,haoq
ceim,rouj,qoot,haor
ceob,rouk,qoov,haos
ceoc,roul,qoow,haot
ceod,roum,qoox,haov
ceof,ruab,qooy,haow
ceog,ruac,qoun,haox
ceoh,ruad,qoup,haoy
ceoj,ruaf,qouq,haun
ceok,ruag,qour,haup
ceom,ruah,qous,hauq
ceub,ruaj,qout,haur
ceuc,ruak,qouv,haut
ceud,rual,qouw,hauv
ceuf,ruam,qoux,haux
ceug,rueb,qouy,hauy
ceuh,ruec,quan,hean
ceuj,ruef,quap,heaq
ceuk,rueg,quaq,heas
ceul,rueh,quar,heav
ceum,ruej,quas,heaw
ciab,ruek,quat,heax
ciac,ruel,quav,heay
ciad,ruem,quaw,heeq
ciaf,ruib,quax,heev
ciag,ruic,quen,heew
ciah,ruid,quep,heex
ciaj,ruih,queq,heey
ciak,ruij,quer,hein
cial,ruik,ques,heip
ciam,ruob,quet,heiq
cieb,ruoc,quev,heis
ciec,ruod,quew,heit
cied,ruof,quex,heiv
cief,ruog,quin,heiw
cieg,ruoh,quiq,heix
cieh,ruoj,quir,heiy
ciej,ruok,quis,heon
ciek,ruol,quiv,heop
ciem,ruom,quiw,heoq
ciib,ruub,quix,heor
ciic,ruuc,quiy,heos
ciid,ruud,quon,heot
ciif,ruuf,quop,heov
ciig,ruug,quoq,heow
ciih,ruuh,quor,heox
ciij,ruuj,quos,heoy
ciik,ruuk,quot,heun
ciil,ruul,quov,heuq
ciim,ruum,quow,heur
ciob,saab,quox,heut
cioc,saac,quoy,heuv
ciod,saad,quun,heuw
ciof,saaf,quup,heux
ciog,saag,quuq,heuy
cioh,saah,quur,hian
cioj,saaj,quus,hiap
ciok,saak,quut,hiaq
ciol,saal,quuv,hiar
ciom,saeb,quuw,hias
ciub,saec,quux,hiat
ciuc,saed,quuy,hiav
ciud,saef,raan,hiaw
ciuf,saeg,raaq,hiax
ciug,saeh,raas,hiay
ciuh,saej,raav,hien
ciuj,saek,raaw,hieq
ciuk,sael,raax,hiet
ciul,saem,raay,hiev
cium,saib,raen,hiew
coab,saic,raep,hiex
coac,saif,raeq,hiey
coad,saig,raer,hiin
coaf,saih,raes,hiip
coag,saij,raet,hiiq
coah,saik,raev,hiir
coaj,saim,raew,hiis
coak,saob,raex,hiit
coam,saoc,raey,hiiv
coeb,saod,raip,hiiw
coec,saof,raiq,hiix
coef,saog,rair,hiiy
coeg,saoh,rais,hion
coeh,saoj,rait,hiop
coej,saok,raiv,hioq
coek,saol,raiw,hior
coel,saom,raix,hios
coem,saub,raiy,hiot
coib,sauc,raon,hiov
coic,saud,raop,hiow
coid,sauf,raoq,hiox
coig,saug,raor,hioy
coih,sauh,raos,hiun
coij,sauj,raot,hiup
coik,sauk,raov,hiuq
coim,seab,raow,hiur
coob,seac,raox,hius
cooc,sead,raoy,hiut
cood,seaf,raun,hiuv
coog,seag,raup,hiuw
cooh,seah,rauq,hiux
cooj,seaj,raur,hiuy
coom,seak,raut,hoan
coub,seeb,rauv,hoap
couc,seec,raux,hoaq
coud,seef,rauy,hoas
couf,seeg,rean,hoat
coug,seeh,reaq,hoav
couh,seej,reas,hoaw
couj,seib,reat,hoay
couk,seic,reav,hoeq
coul,seif,reaw,hoet
coum,seig,reax,hoev
cuab,seih,reay,hoew
cuac,seij,reeq,hoex
cuad,seik,reer,hoey
cuaf,seil,reev,hoin
cuag,seim,reew,hoip
cuah,seob,reex,hoiq
cuaj,seoc,reey,hoir
cuak,seod,reip,hois
cual,seof,reiq,hoit
cuam,seog,reir,hoiv
cueb,seoh,reit,hoiw
cuec,seoj,reiv,hoix
cuef,seok,reiw,hoiy
cueg,seol,reix,hooq
cueh,seom,reiy,hoov
cuej,seub,reon,hoow
cuek,seuc,reop,hoox
cuel,seud,reoq,hooy
cuem,seuf,reor,houn
cuib,seug,reos,houp
cuic,seuh,reot,houq
cuid,seuj,reov,hous
cuig,seuk,reow,houv
cuih,seul,reox,houx
cuij,seum,reoy,houy
cuik,siab,reun,huan
cuil,siac,reup,huap
cuim,siad,reuq,huaq
cuob,siaf,reur,huar
cuoc,siag,reuv,huas
cuod,siah,reuw,huat
cuof,siaj,reux,huav
cuog,siak,reuy,huaw
cuoh,siam,rian,huax
cuoj,sieb,riap,huay
cuok,siec,riaq,huen
cuol,sied,riar,huep
cuom,sieh,rias,hueq
cuub,siej,riat,huer
cuuc,siek,riav,huet
cuud,siel,riaw,huev
cuuf,siem,riax,huew
cuug,siib,riay,huex
cuuh,siic,rien,huin
cuuj,siid,riep,huip
cuuk,siif,rieq,huiq
cuul,siig,rier,huir
cuum,siih,ries,huit
daab,siij,riev,huiv
daac,siik,riew,huiw
daaf,siil,riex,huix
daag,siim,riey,huiy
daah,siob,riin,huon
daaj,sioc,riip,huop
daak,siod,riiq,huoq
daal,siof,riir,huor
daam,siog,riis,huos
daeb,sioh,riit,huot
daec,sioj,riiv,huov
daed,siok,riiw,huow
daef,siol,riix,huox
daeg,siom,riiy,huoy
daeh,siub,rion,huun
daej,siuc,riop,huup
daek,siud,rioq,huuq
daem,siuf,rior,huus
daib,siug,rios,huut
daic,siuh,riov,huuv
daid,siuj,riow,huuw
daif,siuk,riox,huux
daig,siul,rioy,huuy
daih,sium,riun,jaan
daij,soab,riup,jaaq
daik,soac,riuq,jaas
dail,soad,riur,jaat
daob,soaf,rius,jaav
daoc,soag,riut,jaaw
daod,soah,riuv,jaax
daof,soaj,riuw,jaay
daog,soal,riux,jaen
daoh,soam,riuy,jaep
daoj,soeb,roap,jaeq
daok,soec,roaq,jaer
daol,soed,roas,jaes
daom,soef,roat,jaet
dauc,soeg,roav,jaev
daud,soeh,roaw,jaew
dauf,soej,roax,jaex
daug,soel,roay,jaey
dauh,soem,roen,jain
dauj,soib,roeq,jaip
dauk,soic,roev,jaiq
daul,soid,roew,jair
daum,soif,roex,jais
deab,soig,roey,jait
deag,soih,roin,jaiv
deah,soij,roip,jaiw
deaj,soik,roiq,jaix
deak,soim,roir,jaiy
deam,soob,rois,jaon
deeb,sooc,roit,jaop
deec,sood,roiv,jaoq
deef,soof,roiw,jaor
deeh,soog,roix,jaos
deej,sooh,roiy,jaot
deek,sooj,roon,jaov
deib,sook,roop,jaow
deic,sool,rooq,jaox
deid,soom,roor,jaoy
deif,soub,roov,jaun
deig,souc,roow,jauq
deih,soud,roox,jaur
deij,souf,rooy,jaus
deik,soug,roun,jaut
deim,souh,rouq,jauv
deob,souj,rour,jauw
deoc,souk,rous,jaux
deod,soum,rouv,jauy
deof,suab,rouy,jeaq
deog,suac,ruan,jear
deoh,suad,ruap,jeas
deoj,suaf,ruaq,jeat
deok,suag,ruar,jeav
deol,suah,ruas,jeaw
deom,suaj,ruat,jeax
deub,suak,ruav,jeay
deuc,sual,ruaw,jeen
deud,suam,ruax,jeeq
deuf,sueb,ruay,jeet
deug,suec,ruen,jeev
deuh,suef,ruep,jeew
deuj,sueg,rueq,jeex
deul,sueh,ruet,jeey
diab,suej,ruev,jeip
diac,suek,ruew,jeiq
diad,suel,ruex,jeir
diaf,suem,ruey,jeis
diag,suib,ruip,jeit
diah,suic,ruiq,jeiv
diaj,suid,ruir,jeiw
diak,suif,ruiv,jeix
diam,suig,ruiw,jeiy
dieg,suih,ruix,jeon
dieh,suij,ruiy,jeop
diej,suik,ruon,jeoq
diek,suil,ruop,jeor
diem,suim,ruoq,jeos
diib,suob,ruor,jeot
diic,suoc,ruos,jeov
diid,suod,ruot,jeow
diif,suof,ruov,jeox
diig,suog,ruow,jeoy
diih,suoh,ruox,jeun
diij,suoj,ruoy,jeup
diik,suok,ruun,jeuq
diil,suol,ruup,jeur
diim,suom,ruuq,jeus
diob,suub,ruur,jeut
dioc,suuc,ruus,jeuv
diod,suud,ruut,jeuw
diof,suuf,ruuv,jeuy
diog,suug,ruuw,jian
dioh,suuh,ruux,jiap
dioj,suuj,ruuy,jiaq
diok,suuk,saan,jiar
diom,suul,saap,jias
diub,suum,saaq,jiat
diuc,taab,saar,jiav
diud,taac,saas,jiaw
diuf,taad,saav,jiax
diug,taaf,saaw,jiay
diuh,taag,saax,jien
diuj,taah,saay,jiep
diuk,taaj,saen,jieq
diul,taam,saep,jier
dium,taeb,saeq,jies
doab,taec,saer,jiet
doac,taed,saes,jiev
doad,taef,saet,jiew
doaf,taeg,saev,jiex
doag,taeh,saew,jiey
doah,taej,saex,jiin
doaj,taek,saey,jiip
doak,taem,saip,jiiq
doal,taib,saiq,jiir
doam,taic,sair,jiis
doeb,taid,sais,jiit
doec,taif,sait,jiiv
doed,taig,saiv,jiiw
doef,taih,saiw,jiix
doeh,taij,saix,jiiy
doej,taik,saiy,jion
doib,taim,saon,jiop
doic,taob,saop,jioq
doid,taoc,saoq,jior
doif,taod,saor,jios
doig,taof,saos,jiot
doih,taog,saot,jiov
doij,taoh,saov,jiow
doik,taoj,saow,jiox
doil,taok,saox,jioy
doim,taol,saoy,jiun
doob,taom,saun,jiup
dooc,tauc,saup,jiuq
doog,taud,sauq,jiur
dooh,tauf,saur,jius
dooj,taug,saut,jiut
doub,tauh,sauv,jiuv
douc,tauj,sauw,jiuw
doud,tauk,saux,jiux
douf,taul,sauy,jiuy
douh,taum,seap,joap
douj,teab,seaq,joaq
douk,teac,seav,joar
doul,tead,seaw,joas
doum,teaf,seax,joat
duab,teag,seay,joav
duac,teah,seeq,joaw
duaf,teaj,seet,joax
duag,teeb,seev,joay
duah,teec,seew,joen
duaj,teeg,seex,joeq
duak,teeh,seey,joer
duam,teej,seip,joet
dueb,teel,seiq,joev
duec,teib,seir,joew
dued,teic,seiv,joex
duef,teid,seiw,joip
dueg,teif,seix,joiq
dueh,teig,seiy,joir
duej,teih,seon,jois
duek,teij,seop,joit
duem,teik,seoq,joiv
duib,teim,seor,joiw
duic,teob,seos,joix
duid,teoc,seot,joiy
duih,teod,seov,jooq
duij,teof,seow,joor
duil,teog,seox,joos
duob,teoh,seoy,joot
duoc,teoj,seun,joov
duod,teok,seup,joow
duof,teol,seuq,joox
duog,teom,seur,jooy
duoh,teub,seus,joun
duoj,teuc,seut,joup
duok,teud,seuv,jouq
duol,teuf,seuw,jour
duom,teuh,seux,jous
duub,teuj,seuy,jout
duuc,teuk,sian,jouv
duud,teul,siap,joux
duuf,teum,siaq,jouy
duug,tiab,siar,juap
duuh,tiac,sias,juaq
duuj,tiad,siat,juar
duuk,tiaf,siav,juas
duul,tiag,siaw,juat
duum,tiah,siax,juav
faab,tiaj,siay,juaw
faac,tiak,sien,juax
faad,tial,siep,juay
faaf,tiam,sieq,juen
faag,tieb,sies,juep
faah,tiec,siet,jueq
faaj,tieg,siev,juer
faak,tieh,siew,jues
faeb,tiej,siex,juet
faec,tiek,siey,juev
faed,tiel,siin,juew
faef,tiem,siip,juex
faeg,tiib,siiq,juey
faeh,tiic,siir,juin
faej,tiid,siis,juip
faek,tiif,siit,juiq
fael,tiig,siiv,juir
faem,tiih,siiw,juis
faib,tiij,siix,juit
faic,tiik,siiy,juiv
faid,tiil,sion,juiw
faif,tiim,siop,juix
faig,tiob,sioq,juiy
faih,tioc,sior,juon
faij,tiod,sios,juop
faik,tiof,siot,juoq
faim,tiog,siov,juor
faob,tioh,siow,juos
faoc,tioj,siox,juot
faod,tiok,sioy,juov
faof,tiol,siun,juow
faog,tiom,siup,juox
faoh,tiub,siuq,juoy
faoj,tiuc,siur,juun
faok,tiud,sius,juup
faol,tiuf,siut,juuq
faom,tiug,siuv,juur
faub,tiuh,siuw,juus
fauc,tiuj,siux,juuv
faud,tiuk,siuy,juuw
fauf,tiul,soan,juux
faug,tium,soaq,juuy
fauh,toab,soas,kaaq
fauj,toac,soat,kaat
fauk,toaf,soav,kaav
faum,toag,soaw,kaaw
feab,toah,soax,kaax
feac,toaj,soay,kaay
fead,toak,soen,kaen
feaf,toal,soeq,kaep
feag,toam,soer,kaeq
feah,toeb,soet,kaer
feaj,toec,soev,kaet
feak,toeg,soew,kaev
feam,toeh,soex,kaew
feeb,toej,soey,kaex
feec,toek,soin,kaey
feef,toel,soip,kaip
feeg,toem,soiq,kaiq
feeh,toib,soir,kair
feej,toic,sois,kais
feek,toid,soiv,kait
feem,toif,soiw,kaiv
feib,toig,soix,kaiw
feic,toih,soiy,kaix
feid,toij,soop,kaiy
feif,toik,sooq,kaop
feig,toim,soor,kaoq
feih,toob,soov,kaor
feij,tooc,soow,kaos
feik,tood,soox,kaot
feim,toof,sooy,kaov
feob,tooh,soun,kaow
feoc,tooj,souq,kaox
feof,toub,sout,kaoy
feog,touc,souv,kaun
feoh,toud,souw,kaup
feoj,touf,soux,kauq
feok,toug,souy,kaur
feol,touh,suan,kaus
feom,touj,suap,kaut
feub,touk,suaq,kauv
feuc,toul,suar,kaux
feuf,toum,suas,kauy
feug,tuab,suat,kean
feuh,tuac,suav,keap
feuj,tuad,suaw,keaq
feuk,tuaf,suax,kear
feul,tuag,suay,keat
feum,tuah,suen,keav
fiab,tuaj,suep,keaw
fiac,tuak,sueq,keax
fiad,tual,suev,keay
fiaf,tuam,suew,keeq
fiag,tueb,suex,keev
fiah,tuec,suey,keew
fiaj,tued,suin,keex
fiak,tuef,suip,keey
fial,tueg,suiq,keip
fiam,tueh,suir,keiq
fieb,tuej,suis,keis
fiec,tuek,suiv,keit
fied,tuel,suiw,keiv
fieg,tuem,suix,keiw
fieh,tuib,suiy,keix
fiej,tuic,suon,keiy
fiek,tuid,suop,keon
fiem,tuif,suoq,keop
fiib,tuih,suor,keoq
fiic,tuij,suos,keor
fiid,tuik,suot,keos
fiif,tuim,suov,keot
fiig,tuob,suow,keov
fiih,tuoc,suox,keow
fiij,tuod,suoy,keox
fiik,tuof,suun,keoy
fiil,tuog,suup,keun
fiim,tuoh,suuq,keup
fiob,tuoj,suur,keuq
fioc,tuok,suus,keuv
fiod,tuol,suut,keuw
fiof,tuom,suuv,keux
fiog,tuub,suuw,keuy
fioh,tuuc,suux,kian
fioj,tuud,suuy,kiap
fiok,tuuf,taap,kiaq
fiol,tuug,taaq,kiar
fiom,tuuh,taar,kias
fiub,tuuj,taas,kiat
fiuc,tuuk,taat,kiav
fiud,tuul,taav,kiaw
fiuf,tuum,taaw,kiax
fiug,vaab,taax,kiay
fiuh,vaac,taay,kieq
fiuj,vaad,taen,kiet
fiuk,vaaf,taep,kiev
fiul,vaah,taeq,kiew
fium,vaaj,taer,kiex
foab,vaeb,taes,kiey
foac,vaec,taet,kiin
foad,vaed,taev,kiip
foaf,vaef,taew,kiiq
foag,vaeg,taex,kiir
foah,vaeh,taey,kiis
foaj,vaej,taip,kiit
foak,vaek,taiq,kiiv
foeb,vael,tair,kiiw
foec,vaem,tais,kiix
foed,vaib,taiv,kiiy
foeg,vaic,taiw,kion
foeh,vaid,taix,kiop
foej,vaif,taiy,kioq
foek,vaig,taon,kior
foel,vaih,taop,kios
foem,vaij,taoq,kiot
foib,vaik,taor,kiov
foic,vaim,taot,kiow
foid,vaob,taov,kiox
foif,vaoc,taow,kioy
foig,vaod,taox,kiun
foih,vaof,taoy,kiup
foij,vaog,taun,kiuq
foik,vaoh,taup,kiur
foim,vaoj,tauq,kius
foob,vaok,taur,kiut
fooc,vaol,tauv,kiuv
foof,vaom,tauw,kiuw
foog,vaub,taux,kiux
fooh,vauc,tauy,kiuy
fooj,vaud,tean,koap
fook,vauf,teap,koaq
foom,vaug,teaq,koar
foub,vauh,teav,koat
fouc,vauj,teaw,koav
foud,vauk,teax,koaw
fouf,vaul,teay,koax
foug,vaum,teep,koay
fouh,veab,teeq,koeq
fouj,veac,teet,koev
fouk,vead,teev,koew
foum,veaf,teew,koex
fuab,veag,teex,koey
fuac,veah,teey,koin
fuad,veaj,tein,koip
fuaf,veak,teip,koiq
fuag,veam,teiq,koir
fuah,veeb,teir,kois
fuaj,veec,teis,koit
fuak,veed,teit,koiv
fual,veef,teiv,koiw
fuam,veeh,teiw,koix
fueb,veej,teix,koiy
fuec,veek,teiy,kooq
fued,veib,teon,koov
fuef,veic,teop,koow
fueg,veid,teoq,koox
fueh,veif,teor,kooy
fuej,veig,teos,koun
fuek,veih,teot,koup
fuem,veij,teov,kouq
fuib,veik,teow,kour
fuic,veim,teox,kouv
fuid,veob,teoy,kouw
fuig,veoc,teun,koux
fuih,veod,teup,kouy
fuij,veof,teuq,kuan
fuil,veog,teur,kuap
fuim,veoh,teus,kuaq
fuob,veoj,teuv,kuar
fuoc,veok,teuw,kuas
fuod,veol,teux,kuat
fuof,veom,teuy,kuav
fuog,veub,tian,kuaw
fuoh,veuc,tiap,kuax
fuoj,veud,tiaq,kuay
fuok,veuf,tiar,kuen
fuol,veug,tias,kuep
fuom,veuh,tiat,kueq
fuub,veuj,tiav,kuer
fuuc,veuk,tiaw,kuet
fuud,veul,tiax,kuev
fuuf,veum,tiay,kuew
fuug,viab,tiep,kuex
fuuh,viac,tieq,kuey
fuuj,viad,tiev,kuin
fuuk,viaf,tiew,kuiq
fuul,viag,tiex,kuir
fuum,viah,tiey,kuiv
gaab,viaj,tiin,kuiw
gaac,viak,tiip,kuix
gaad,viam,tiiq,kuiy
gaag,vieb,tiir,kuon
gaah,viec,tiis,kuop
gaaj,vieg,tiit,kuoq
gaak,viej,tiiv,kuor
gaam,viek,tiiw,kuos
gaeb,viem,tiix,kuot
gaec,viib,tiiy,kuov
gaef,viic,tion,kuow
gaeg,viid,tiop,kuox
gaeh,viif,tioq,kuoy
gaej,viig,tior,kuun
gaek,viih,tios,kuup
gaem,viij,tiot,kuuq
gaib,viik,tiov,kuus
gaic,viil,tiow,kuut
gaid,viim,tiox,kuuv
gaif,viob,tioy,kuuw
gaig,vioc,tiun,kuux
gaih,viod,tiup,kuuy
gaij,viof,tiuq,laap
gaik,viog,tiur,laaq
gaim,vioh,tius,laav
gaob,vioj,tiut,laaw
gaoc,viok,tiuv,laax
gaod,viom,tiuw,laay
gaof,viub,tiux,laen
gaog,viuc,tiuy,laep
gaoh,viud,toan,laeq
gaoj,viuf,toap,laer
gaok,viug,toaq,laes
gaom,viuh,toar,laet
gaub,viuj,toas,laev
gauc,viuk,toat,laew
gauf,viul,toav,laex
gaug,vium,toaw,laey
gauh,voab,toax,laip
gauj,voac,toay,laiq
gauk,voad,toep,lais
geab,voaf,toeq,lait
geac,voag,toev,laiv
gead,voah,toew,laiw
geaf,voaj,toex,laix
geag,voak,toey,laiy
geah,voal,toin,laon
geaj,voam,toip,laop
geak,voeb,toiq,laoq
geal,voec,toir,laor
geam,voed,tois,laot
geeb,voef,toiv,laov
geec,voeh,toiw,laow
geeg,voej,toix,laox
geeh,voek,toiy,laoy
geej,voel,toop,laun
geem,voem,tooq,laup
geib,voib,toor,lauq
geic,voif,toos,laur
geid,voig,toov,laut
geif,voih,toow,lauv
geig,voij,toox,laux
geih,voik,tooy,lauy
geij,voil,toun,leaq
geik,voim,toup,leat
geim,voob,touq,leav
geob,vooc,tous,leaw
geoc,vood,touv,leax
geod,voof,toux,leay
geog,voog,touy,leeq
geoh,vooh,tuan,leev
geoj,vooj,tuap,leew
geok,vook,tuaq,leex
geol,vool,tuar,leey
geom,voom,tuas,lein
geub,voub,tuat,leip
geuc,vouc,tuav,leiq
geud,voud,tuaw,leir
geuf,vouf,tuax,leit
geug,voug,tuay,leiv
geuh,vouh,tuen,leiw
geuj,vouj,tuep,leix
geuk,vouk,tueq,leiy
giab,voul,tuer,leop
giac,voum,tues,leoq
giad,vuab,tuet,leor
giaf,vuac,tuev,leos
giag,vuad,tuew,leot
giah,vuaf,tuex,leov
giaj,vuag,tuey,leow
giak,vuah,tuip,leox
gial,vuaj,tuiq,leoy
giam,vuak,tuir,leun
gieb,vual,tuiv,leup
giec,vuam,tuiw,leuq
gief,vueb,tuix,leuv
gieg,vuec,tuiy,leuw
gieh,vued,tuon,leux
giej,vuef,tuop,leuy
giel,vueg,tuoq,liap
giem,vueh,tuor,liaq
giib,vuej,tuos,liat
giic,vuek,tuot,liav
giid,vuel,tuov,liaw
giif,vuem,tuow,liax
giig,vuib,tuox,liay
giih,vuic,tuoy,lieq
giij,vuid,tuun,liev
giik,vuif,tuup,liew
giil,vuih,tuuq,liex
giim,vuij,tuur,liey
giob,vuik,tuus,liin
gioc,vuim,tuuv,liip
giod,vuob,tuuw,liiq
giof,vuoc,tuux,liir
giog,vuod,tuuy,liis
gioh,vuof,vaap,liit
gioj,vuog,vaaq,liiv
giok,vuoh,vaav,liiw
giol,vuoj,vaaw,liix
giom,vuok,vaax,liiy
giub,vuol,vaay,liop
giuc,vuom,vaen,lioq
giud,vuub,vaep,lior
giuf,vuuc,vaeq,lios
giug,vuud,vaer,liot
giuh,vuuf,vaes,liov
giuj,vuug,vaet,liow
giuk,vuuh,vaev,liox
giul,vuuj,vaew,lioy
gium,vuuk,vaex,liun
goab,vuul,vaey,liup
goac,vuum,vaip,liuq
goaf,waab,vaiq,liur
goag,waac,vais,lius
goah,waad,vait,liut
goaj,waaf,vaiv,liuv
goak,waah,vaiw,liuw
goam,waaj,vaix,liux
goeb,waam,vaiy,liuy
goec,waeb,vaon,loap
goef,waec,vaop,loaq
goeg,waed,vaoq,loar
goeh,waef,vaor,loas
goej,waeg,vaos,loat
goek,waeh,vaot,loav
goel,waej,vaov,loaw
goem,waek,vaow,loax
goib,wael,vaox,loay
goic,waem,vaoy,loen
goid,waib,vaun,loeq
goif,waic,vaup,loes
goig,waid,vauq,loev
goih,waig,vaur,loew
goij,waih,vaut,loex
goik,waij,vauv,loey
goil,waik,vauw,loip
goim,waim,vaux,loiq
goob,waob,vauy,loir
gooc,waoc,vean,loit
gooh,waod,veap,loiv
gooj,waof,veaq,loiw
gool,waog,vear,loix
goom,waoh,veas,loiy
goub,waoj,veat,looq
gouc,waok,veav,loor
gouf,waol,veaw,loov
goug,waom,veax,loow
gouh,waub,veay,loox
gouj,wauc,veeq,looy
gouk,waud,veet,loun
goul,wauf,veev,louq
goum,waug,veew,lous
guab,wauh,veex,louv
guac,wauj,veey,loux
guad,waum,veip,louy
guaf,weab,veiq,luan
guag,weac,veir,luap
guah,wead,veis,luaq
guaj,weaf,veit,luar
guak,weag,veiv,luas
gual,weah,veiw,luat
guam,weaj,veix,luav
gueb,weam,veiy,luaw
guec,weeb,veon,luax
gued,weec,veop,luay
guef,weef,veoq,luen
gueg,weeg,veor,luep
gueh,weeh,veos,lueq
guej,weej,veot,luer
guek,weem,veov,luet
guel,weib,veow,luev
guem,weic,veox,luew
guib,weid,veoy,luex
guic,weif,veun,luey
guif,weig,veup,luin
guig,weih,veuq,luip
guih,weij,veur,luiq
guij,weik,veus,luir
guik,weim,veut,luiv
guil,weob,veuv,luiw
guim,weoc,veuw,luix
guob,weod,veux,luiy
guoc,weof,veuy,luon
guod,weog,vian,luop
guof,weoh,viap,luoq
guog,weoj,viaq,luor
guoh,weok,viar,luos
guoj,weol,vias,luot
guok,weom,viat,luov
guol,weub,viav,luow
guom,weuc,viaw,luox
guub,weud,viax,luoy
guuc,weuf,viay,luun
guud,weug,vien,luup
guuf,weuh,viep,luuq
guug,weuj,vieq,luus
guuh,weuk,viet,luut
guuj,weul,viev,luuv
guuk,weum,viex,luuw
guul,wiab,viey,luux
guum,wiac,viin,luuy
haab,wiad,viip,maap
haac,wiaf,viiq,maaq
haad,wiag,viir,maav
haah,wiah,viis,maaw
haaj,wiaj,viit,maax
haeb,wiak,viiv,maay
haec,wial,viiw,maen
haef,wiam,viix,maep
haeg,wieb,viiy,maeq
haeh,wiec,vion,maer
haej,wief,viop,maet
haek,wieh,vioq,maev
hael,wiej,vior,maew
haib,wiem,vios,maex
haic,wiib,viot,maey
haid,wiic,viov,maip
haif,wiid,viow,maiq
haig,wiif,viox,mait
haih,wiig,vioy,maiv
haij,wiih,viun,maiw
haim,wiij,viup,maix
haob,wiik,viuq,maiy
haoc,wiil,viur,maon
haod,wiim,vius,maop
haof,wiob,viut,maoq
haog,wioc,viuv,maor
haoh,wiod,viuw,maos
haoj,wiof,viux,maot
haok,wiog,viuy,maov
haol,wioh,voan,maow
haom,wioj,voap,maox
haub,wiok,voaq,maoy
hauc,wiol,voar,maup
haud,wiom,voas,mauq
hauf,wiub,voat,maur
haug,wiuc,voav,maus
hauh,wiud,voaw,mauv
hauj,wiuf,voax,mauw
hauk,wiug,voay,maux
haum,wiuh,voen,mauy
heab,wiuj,voep,meap
heac,wiuk,voeq,meaq
heaf,wiul,voev,mear
heag,wium,voew,meas
heah,woab,voex,meav
heaj,woac,voey,meaw
heak,woaf,voin,meax
heam,woag,voip,meay
heeb,woah,voiq,meen
heec,woaj,voir,meep
heef,woak,vois,meeq
heeg,woal,voit,meev
heeh,woam,voiv,meew
heej,woeb,voiw,meex
heib,woec,voix,meey
heic,woed,voiy,meip
heid,woeg,voon,meiq
heif,woeh,voop,meis
heig,woej,vooq,meit
heih,woek,voot,meiv
heij,woel,voov,meiw
heik,woem,voow,meix
heob,woib,voox,meiy
heoc,woic,vooy,meon
heod,woid,voun,meop
heof,woif,voup,meoq
heog,woig,vouq,meor
heoh,woih,vour,meos
heoj,woij,vous,meot
heok,woik,vout,meov
heol,woil,vouv,meox
heom,woim,voux,meoy
heub,woob,vouy,meup
heuc,wooh,vuan,meuq
heud,wooj,vuap,meur
heuf,wook,vuaq,meus
heug,woom,vuar,meut
heuh,woub,vuas,meuv
heuj,wouc,vuat,meuw
heuk,wouf,vuav,meux
heul,woug,vuaw,meuy
heum,wouh,vuax,mian
hiab,wouj,vuay,miap
hiac,wouk,vuen,miaq
hiad,woul,vuep,miar
hiaf,woum,vueq,mias
hiag,wuab,vuer,miat
hiah,wuac,vues,miav
hiaj,wuad,vuet,miaw
hiak,wuaf,vuev,miax
hial,wuag,vuew,miay
hiam,wuah,vuex,mieq
hiec,wuaj,vuey,miet
hieg,wuak,vuin,miev
hieh,wual,vuip,miew
hiej,wuam,vuiq,miex
hiek,wueb,vuir,miey
hiem,wuec,vuis,miin
hiib,wued,vuit,miip
hiic,wuef,vuiv,miiq
hiid,wueg,vuiw,miir
hiif,wueh,vuix,miis
hiig,wuej,vuiy,miit
hiih,wuek,vuon,miiv
hiij,wuel,vuop,miiw
hiik,wuem,vuoq,miix
hiil,wuib,vuor,miiy
hiim,wuic,vuos,mion
hiob,wuid,vuot,miop
hioc,wuif,vuov,mioq
hiod,wuig,vuow,mior
hiof,wuih,vuox,mios
hiog,wuij,vuoy,miot
hioh,wuik,vuun,miov
hioj,wuil,vuup,miow
hiok,wuim,vuuq,miox
hiol,wuob,vuus,mioy
hiom,wuoc,vuut,miun
hiub,wuod,vuuv,miup
hiuc,wuof,vuuw,miuq
hiud,wuog,vuux,miur
hiuf,wuoh,vuuy,mius
hiug,wuoj,waap,miut
hiuh,wuok,waaq,miuv
hiuj,wuol,waat,miuw
hiuk,wuom,waav,miux
hiul,wuub,waaw,miuy
hium,wuuc,waax,moap
hoab,wuud,waay,moaq
hoac,wuuf,waen,moar
hoad,wuug,waep,moav
hoaf,wuuh,waeq,moaw
hoag,wuuj,waer,moax
hoah,wuuk,waet,moay
hoaj,wuul,waev,moen
hoak,wuum,waew,moep
hoal,xaab,waex,moeq
hoam,xaac,waey,moev
hoeb,xaad,waip,moew
hoec,xaaf,waiq,moex
hoeg,xaag,wais,moey
hoeh,xaah,waiv,moin
hoej,xaaj,waiw,moip
hoel,xaak,waix,moiq
hoem,xaal,waiy,moir
hoib,xaam,waon,mois
hoic,xaeb,waop,moit
hoid,xaec,waoq,moiv
hoif,xaed,waor,moiw
hoig,xaef,waos,moix
hoih,xaeg,waot,moiy
hoij,xaeh,waov,moop
hoik,xaej,waow,mooq
hoil,xaek,waox,moov
hoim,xael,waoy,moow
hoob,xaem,waun,moox
hooc,xaib,waup,mooy
hooh,xaic,wauq,moun
hooj,xaid,waus,moup
hool,xaif,waut,mouq
hoom,xaig,wauv,mour
houb,xaih,waux,mous
houc,xaij,wauy,mouv
houf,xaik,weas,moux
houg,xail,weat,mouy
houh,xaim,weav,muan
houj,xaob,weaw,muap
houk,xaoc,weax,muaq
houl,xaod,weay,muar
houm,xaof,weeq,muas
huab,xaog,weev,muat
huac,xaoh,weew,muav
huad,xaoj,weex,muaw
huaf,xaok,weey,muax
huag,xaol,wein,muay
huah,xaom,weip,muen
huaj,xaub,weiq,muep
huak,xauc,weis,mueq
hual,xaud,weit,muer
huam,xauf,weiv,mues
hueb,xaug,weiw,muet
huec,xauh,weix,muev
huef,xauj,weiy,muew
hueg,xauk,weon,muex
hueh,xaul,weop,muey
huej,xaum,weoq,muin
huek,xeab,weor,muip
huel,xeac,weos,muiq
huem,xead,weot,muir
huib,xeaf,weov,muiv
huih,xeag,weow,muiw
huij,xeah,weox,muix
huil,xeaj,weoy,muiy
huim,xeak,weun,muop
huob,xeal,weup,muoq
huoc,xeam,weuq,muor
huod,xeeb,weur,muos
huof,xeec,weus,muot
huog,xeed,weut,muov
huoh,xeef,weuv,muow
huoj,xeeg,weuw,muox
huok,xeeh,weux,muoy
huol,xeej,weuy,muun
huom,xeek,wian,muup
huub,xeel,wiap,muuq
huuc,xeem,wiaq,muus
huud,xeib,wiar,muut
huuf,xeic,wias,muuv
huug,xeid,wiat,muuw
huuh,xeif,wiav,muux
huuj,xeig,wiaw,muuy
huuk,xeih,wiax,baaz
huul,xeij,wiay,baez
huum,xeik,wien,baiz
jaab,xeil,wieq,baoz
jaac,xeim,wiev,bauz
jaad,xeob,wiew,beaz
jaaf,xeoc,wiex,beez
jaag,xeod,wiey,beiz
jaah,xeof,wiin,beoz
jaaj,xeog,wiip,beuz
jaak,xeoh,wiiq,biaz
jaal,xeoj,wiir,biez
jaam,xeok,wiis,biiz
jaeb,xeol,wiit,bioz
jaec,xeom,wiiv,biuz
jaed,xeub,wiiw,boaz
jaef,xeuc,wiix,boez
jaeg,xeud,wiiy,boiz
jaeh,xeuf,wion,booz
jaej,xeug,wiop,bouz
jaek,xeuh,wioq,buaz
jael,xeuj,wior,buez
jaem,xeuk,wios,buiz
jaib,xeul,wiot,buoz
jaic,xeum,wiov,buuz
jaid,xiab,wiow,caaz
jaif,xiac,wiox,caez
jaig,xiad,wioy,caiz
jaih,xiaf,wiun,caoz
jaij,xiag,wiup,cauz
jaik,xiah,wiuq,ceaz
jaim,xiaj,wiur,ceez
jaob,xiak,wius,ceiz
jaoc,xial,wiut,ceoz
jaod,xiam,wiuv,ceuz
jaof,xieb,wiuw,ciaz
jaog,xiec,wiux,ciez
jaoh,xied,wiuy,ciiz
jaoj,xief,woan,cioz
jaok,xieg,woap,ciuz
jaol,xieh,woaq,coaz
jaom,xiej,woar,coez
jaub,xiek,woas,coiz
jauc,xiel,woat,cooz
jaud,xiem,woav,couz
jauf,xiib,woaw,cuaz
jaug,xiic,woax,cuez
jauh,xiid,woay,cuiz
jauj,xiif,woen,cuoz
jaul,xiig,woep,cuuz
jaum,xiih,woeq,daaz
jeab,xiij,woer,daez
jeac,xiik,woet,daiz
jead,xiil,woev,daoz
jeaf,xiim,woew,dauz
jeag,xiob,woex,deaz
jeah,xioc,woey,deez
jeaj,xiod,woin,deiz
jeak,xiof,woip,deoz
jeal,xiog,woiq,deuz
jeam,xioh,woir,diaz
jeeb,xioj,wois,diez
jeec,xiok,woit,diiz
jeef,xiol,woiv,dioz
jeeg,xiom,woiw,diuz
jeeh,xiub,woix,doaz
jeej,xiuc,woiy,doez
jeek,xiud,woop,doiz
jeel,xiuf,wooq,dooz
jeem,xiug,woor,douz
jeib,xiuh,woot,duaz
jeic,xiuj,woov,duez
jeid,xiuk,woow,duiz
jeif,xiul,woox,duoz
jeig,xium,wooy,duuz
jeih,xoab,woun,faaz
jeij,xoac,woup,faez
jeik,xoad,wouq,faiz
jeil,xoaf,wour,faoz
jeim,xoag,wous,fauz
jeob,xoah,wouv,feaz
jeoc,xoaj,woux,feez
jeod,xoak,wouy,feiz
jeof,xoal,wuan,feoz
jeog,xoam,wuap,feuz
jeoh,xoeb,wuaq,fiaz
jeoj,xoec,wuar,fiez
jeok,xoed,wuas,fiiz
jeol,xoef,wuat,fioz
jeom,xoeg,wuav,fiuz
jeub,xoeh,wuaw,foaz
jeuc,xoej,wuax,foez
jeud,xoek,wuay,foiz
jeuf,xoel,wuen,fooz
jeug,xoem,wuep,fouz
jeuh,xoib,wueq,fuaz
jeuj,xoic,wuer,fuez
jeul,xoid,wues,fuiz
jeum,xoif,wuet,fuoz
jiab,xoig,wuev,fuuz
jiac,xoih,wuew,gaaz
jiad,xoij,wuex,gaez
jiaf,xoik,wuey,gaiz
jiag,xoil,wuin,gaoz
jiah,xoim,wuip,gauz
jiaj,xoob,wuiq,geaz
jiak,xooc,wuir,geez
jial,xood,wuis,geoz
jiam,xoof,wuiv,geuz
jieb,xoog,wuiw,giaz
jiec,xooh,wuix,giez
jied,xooj,wuiy,giiz
jief,xook,wuon,gioz
jieg,xool,wuop,giuz
jieh,xoom,wuoq,goaz
jiej,xoub,wuor,goez
jiek,xouc,wuos,goiz
jiel,xoud,wuot,gooz
jiem,xouf,wuov,gouz
jiib,xoug,wuow,guaz
jiic,xouh,wuox,guez
jiid,xouj,wuoy,guiz
jiif,xouk,wuun,guoz
jiig,xoul,wuup,guuz
jiih,xoum,wuuq,haaz
jiij,xuab,wuur,haez
jiik,xuac,wuus,haiz
jiil,xuad,wuut,haoz
jiim,xuaf,wuuv,hauz
jiob,xuag,wuuw,heaz
jioc,xuah,wuux,heez
jiod,xuaj,wuuy,heiz
jiof,xuak,xaan,heoz
jiog,xual,xaap,heuz
jioh,xuam,xaaq,hiaz
jioj,xueb,xaar,hiez
jiok,xuec,xaas,hiiz
jiol,xued,xaat,hioz
jiom,xuef,xaav,hiuz
jiub,xueg,xaaw,hoaz
jiuc,xueh,xaax,hoez
jiud,xuej,xaay,hoiz
jiuf,xuek,xaen,hooz
jiug,xuel,xaep,houz
jiuh,xuem,xaeq,huaz
jiuj,xuib,xaer,huez
jiuk,xuic,xaes,huiz
jiul,xuid,xaet,huoz
jium,xuif,xaev,huuz
joac,xuig,xaew,jaaz
joad,xuih,xaex,jaez
joaf,xuij,xaey,jaiz
joag,xuik,xain,jaoz
joah,xuil,xaip,jauz
joaj,xuim,xaiq,jeaz
joak,xuob,xair,jeiz
joal,xuoc,xais,jeoz
joam,xuod,xait,jeuz
joeb,xuof,xaiv,jiaz
joec,xuog,xaiw,jiez
joed,xuoh,xaix,jiiz
joef,xuoj,xaiy,jioz
joeh,xuok,xaon,jiuz
joej,xuol,xaop,joaz
joek,xuom,xaoq,joez
joem,xuub,xaor,joiz
joib,xuuc,xaos,jooz
joic,xuud,xaot,jouz
joid,xuuf,xaov,juaz
joif,xuug,xaow,juez
joig,xuuh,xaox,juiz
joih,xuuj,xaoy,juoz
joij,xuuk,xaun,juuz
joik,xuul,xaup,kaaz
joil,xuum,xauq,kaez
joim,yaab,xaur,kaiz
joob,yaac,xaus,kaoz
jooc,yaad,xaut,keaz
joof,yaaf,xauv,keez
joog,yaag,xauw,keiz
jooh,yaah,xaux,keoz
jooj,yaaj,xauy,keuz
jook,yaak,xean,kiaz
joom,yaal,xeap,kiez
joub,yaam,xeaq,kiiz
jouc,yaeb,xear,kioz
joud,yaec,xeas,kiuz
jouf,yaed,xeat,koaz
joug,yaef,xeav,koez
jouh,yaeg,xeaw,koiz
jouj,yaeh,xeax,kooz
joul,yaej,xeay,kouz
joum,yaek,xeen,kuaz
juab,yael,xeep,kuez
juac,yaem,xeeq,kuiz
juad,yaib,xeer,kuoz
juaf,yaic,xees,kuuz
juag,yaid,xeet,laaz
juah,yaif,xeev,laez
juaj,yaig,xeew,laiz
juak,yaih,xeex,laoz
jual,yaij,xeey,lauz
juam,yaik,xein,leaz
jueb,yail,xeip,leez
juec,yaim,xeiq,leiz
jued,yaob,xeir,leoz
juef,yaoc,xeis,leuz
jueg,yaod,xeit,liaz
jueh,yaof,xeiv,liez
juej,yaog,xeiw,liiz
juek,yaoh,xeix,lioz
juel,yaoj,xeiy,liuz
juem,yaok,xeon,loaz
juib,yaol,xeop,loez
juic,yaom,xeoq,loiz
juid,yaub,xeor,looz
juif,yauc,xeos,louz
juig,yauf,xeot,luaz
juih,yaug,xeov,luez
juij,yauh,xeow,luiz
juik,yauj,xeox,luoz
juil,yauk,xeoy,luuz
juim,yaul,xeun,maaz
juob,yaum,xeup,maez
juoc,yeab,xeuq,maiz
juod,yeac,xeur,maoz
juof,yead,xeus,mauz
juog,yeaf,xeut,meaz
juoh,yeag,xeuv,meez
juoj,yeaj,xeuw,meiz
juok,yeak,xeux,meoz
juol,yeal,xeuy,meuz
juom,yeam,xian,miaz
juub,yeeb,xiap,miez
juuc,yeec,xiaq,miiz
juud,yeed,xiar,mioz
juuf,yeef,xias,miuz
juug,yeeg,xiat,moaz
juuh,yeeh,xiav,moez
juuj,yeej,xiaw,moiz
juuk,yeek,xiax,mooz
juul,yeel,xiay,mouz
juum,yeem,xien,muaz
kaab,yeib,xiep,muez
kaac,yeic,xieq,muiz
kaad,yeid,xier,muoz
kaaf,yeif,xies,muuz
